"DESCRIPTION","DURATION IN MS","NAME","PARENT SUITE","START TIME","STATUS","STOP TIME","SUB SUITE","SUITE","TEST CLASS","TEST METHOD"
"","8","❌ должен вернуть null если расписание не найдено","UserScheduleController (Unit)","Thu Nov 13 20:24:46 UTC 2025","passed","Thu Nov 13 20:24:46 UTC 2025","","getUserSchedule","",""
"","18","should throw RepositoryNotFoundError when deleting non-existent availability","UserAvailabilityRepo (integration)","Thu Nov 13 20:27:32 UTC 2025","passed","Thu Nov 13 20:27:32 UTC 2025","","","",""
"","","should delete course","CoursesController (HTTP integration)","Thu Nov 13 20:27:31 UTC 2025","skipped","","","DELETE /api/courses/:id","",""
"","","should update course","CoursesController (HTTP integration)","Thu Nov 13 20:27:50 UTC 2025","skipped","","","PATCH /api/courses/:id","",""
"","6","❌ выбрасывает ошибку при обновлении несуществующего урока","LessonsService (Integration)","Thu Nov 13 20:28:08 UTC 2025","passed","Thu Nov 13 20:28:08 UTC 2025","","","",""
"","17","должен вернуть 404 для несуществующего курса","UserScheduleController (Integration)","Thu Nov 13 20:27:31 UTC 2025","passed","Thu Nov 13 20:27:31 UTC 2025","","GET /user-schedule","",""
"","2","should throw an error if service.findOne fails (negative)","LessonsController","Thu Nov 13 20:24:47 UTC 2025","passed","Thu Nov 13 20:24:47 UTC 2025","","findOne","",""
"","5","Course not found","CourseRepo (integration)","Thu Nov 13 20:28:08 UTC 2025","passed","Thu Nov 13 20:28:08 UTC 2025","","","",""
"","4","should throw when deleting non-existing lesson","CourseLessonRepo (integration)","Thu Nov 13 20:27:40 UTC 2025","passed","Thu Nov 13 20:27:40 UTC 2025","","","",""
"","","should return empty array if no courses exist","CoursesController (HTTP integration)","Thu Nov 13 20:27:41 UTC 2025","skipped","","","GET /api/courses","",""
"","17","PATCH /user-availability/:id → должен обновить доступность","UserAvailabilityController (integration)","Thu Nov 13 20:27:30 UTC 2025","passed","Thu Nov 13 20:27:30 UTC 2025","","","",""
"","","should return all courses","CoursesController (HTTP integration)","Thu Nov 13 20:27:31 UTC 2025","skipped","","","GET /api/courses","",""
"","","should fail to create course with empty name","CoursesController (HTTP integration)","Thu Nov 13 20:27:41 UTC 2025","skipped","","","POST /api/courses","",""
"","","login_failure_unauthorized","AuthController (HTTP integration)","Thu Nov 13 20:27:55 UTC 2025","skipped","","","POST /api/auth/login","",""
"","10","should update course","CourseRepo (integration)","Thu Nov 13 20:28:08 UTC 2025","passed","Thu Nov 13 20:28:08 UTC 2025","","","",""
"","","should return 404 when updating non-existing course","CoursesController (HTTP integration)","Thu Nov 13 20:27:50 UTC 2025","skipped","","","PATCH /api/courses/:id","",""
"","","should isolate data between different schemas","CoursesController (HTTP integration)","Thu Nov 13 20:27:31 UTC 2025","skipped","","","Schema Isolation","",""
"","15","✅ должен вернуть все доступности для пользователя и курса","UserAvailabilityController (Unit)","Thu Nov 13 20:24:47 UTC 2025","passed","Thu Nov 13 20:24:47 UTC 2025","","findAll","",""
"","3","❌ должен выбросить ошибку для несуществующего id","UsersService (unit)","Thu Nov 13 20:24:48 UTC 2025","passed","Thu Nov 13 20:24:48 UTC 2025","","findOne","",""
"","13","должен вернуть 404 для несуществующего курса","UserScheduleController (Integration)","Thu Nov 13 20:27:31 UTC 2025","passed","Thu Nov 13 20:27:31 UTC 2025","","DELETE /user-schedule","",""
"","5","✅ должен удалить расписание пользователя по курсу","UserScheduleService (Unit)","Thu Nov 13 20:24:47 UTC 2025","passed","Thu Nov 13 20:24:47 UTC 2025","","deleteByUserAndCourse","",""
"","8","❌ выбрасывает ошибку, если урок не существует","LessonsService (Integration)","Thu Nov 13 20:28:07 UTC 2025","passed","Thu Nov 13 20:28:08 UTC 2025","","","",""
"","","should return one course","CoursesController (HTTP integration)","Thu Nov 13 20:27:31 UTC 2025","skipped","","","GET /api/courses/:id","",""
"","4","should return null when lesson not found","CourseLessonRepo (integration)","Thu Nov 13 20:27:40 UTC 2025","passed","Thu Nov 13 20:27:40 UTC 2025","","","",""
"","","register_failure_validation","AuthController (HTTP integration)","Thu Nov 13 20:28:13 UTC 2025","skipped","","","POST /api/auth/register","",""
"","","should isolate data between different schemas","CoursesController (HTTP integration)","Thu Nov 13 20:27:41 UTC 2025","skipped","","","Schema Isolation","",""
"","2","check_failure","AuthController","Thu Nov 13 20:24:48 UTC 2025","passed","Thu Nov 13 20:24:48 UTC 2025","","","",""
"","14","DELETE /lessons/:id → should delete lesson","LessonsController (integration)","Thu Nov 13 20:27:36 UTC 2025","passed","Thu Nov 13 20:27:36 UTC 2025","","","",""
"","2","❌ должен выбросить ошибку если пользователь не найден","UsersService (unit)","Thu Nov 13 20:24:48 UTC 2025","passed","Thu Nov 13 20:24:48 UTC 2025","","update","",""
"","5","should throw ConflictException if duplicate","CoursesService","Thu Nov 13 20:24:46 UTC 2025","passed","Thu Nov 13 20:24:46 UTC 2025","","registerUser","",""
"","14","GET /user-availability → должен вернуть пустой массив если доступностей нет","UserAvailabilityController (integration)","Thu Nov 13 20:27:30 UTC 2025","passed","Thu Nov 13 20:27:30 UTC 2025","","","",""
"","","should return 404 when updating non-existing course","CoursesController (HTTP integration)","Thu Nov 13 20:27:31 UTC 2025","skipped","","","PATCH /api/courses/:id","",""
"","","should return 404 when deleting non-existing course","CoursesController (HTTP integration)","Thu Nov 13 20:27:31 UTC 2025","skipped","","","DELETE /api/courses/:id","",""
"","","should delete course","CoursesController (HTTP integration)","Thu Nov 13 20:27:59 UTC 2025","skipped","","","DELETE /api/courses/:id","",""
"","14","should find user availability by id or fail","UserAvailabilityRepo (integration)","Thu Nov 13 20:27:32 UTC 2025","passed","Thu Nov 13 20:27:32 UTC 2025","","","",""
"","28","должен успешно обновить пользователя","UsersService (Integration)","Thu Nov 13 20:28:07 UTC 2025","passed","Thu Nov 13 20:28:07 UTC 2025","","update","",""
"","21","должен вернуть пустой массив после удаления всех пользователей","UsersService (Integration)","Thu Nov 13 20:28:06 UTC 2025","passed","Thu Nov 13 20:28:06 UTC 2025","","findAll","",""
"","4","get_me_success","AuthController","Thu Nov 13 20:24:48 UTC 2025","passed","Thu Nov 13 20:24:48 UTC 2025","","","",""
"","5","should find all lessons by course","CourseLessonRepo (integration)","Thu Nov 13 20:27:40 UTC 2025","passed","Thu Nov 13 20:27:40 UTC 2025","","","",""
"","","should return empty array if no courses exist","CoursesController (HTTP integration)","Thu Nov 13 20:27:59 UTC 2025","skipped","","","GET /api/courses","",""
"","20","GET /user-availability → должен вернуть все доступности для пользователя","UserAvailabilityController (integration)","Thu Nov 13 20:27:30 UTC 2025","passed","Thu Nov 13 20:27:30 UTC 2025","","","",""
"","32","✅ должен создать доступность","UserAvailabilityService","Thu Nov 13 20:24:47 UTC 2025","passed","Thu Nov 13 20:24:47 UTC 2025","","create","",""
"","58","должен выбросить ошибку при создании с несуществующим уроком","UserScheduleService (Integration)","Thu Nov 13 20:27:31 UTC 2025","passed","Thu Nov 13 20:27:31 UTC 2025","","create()","",""
"","5","✅ should remove a lesson","LessonsService","Thu Nov 13 20:24:47 UTC 2025","passed","Thu Nov 13 20:24:47 UTC 2025","","remove","",""
"","8","should return empty array when no lessons exist","CourseLessonRepo (integration)","Thu Nov 13 20:27:40 UTC 2025","passed","Thu Nov 13 20:27:40 UTC 2025","","","",""
"","2","should call service.purchaseCourse and return success","CoursesController","Thu Nov 13 20:24:46 UTC 2025","passed","Thu Nov 13 20:24:46 UTC 2025","","purchaseCourse","",""
"","2","✅ должен обновить пользователя","UsersService (unit)","Thu Nov 13 20:24:48 UTC 2025","passed","Thu Nov 13 20:24:48 UTC 2025","","update","",""
"","14","should return null when payment not found","PaymentRepo (integration)","Thu Nov 13 20:27:33 UTC 2025","passed","Thu Nov 13 20:27:33 UTC 2025","","","",""
"","16","should return empty array when no availabilities exist","UserAvailabilityRepo (integration)","Thu Nov 13 20:27:32 UTC 2025","passed","Thu Nov 13 20:27:32 UTC 2025","","","",""
"","3","❌ должен выбросить ошибку при сбое репозитория","UserScheduleService (Unit)","Thu Nov 13 20:24:47 UTC 2025","passed","Thu Nov 13 20:24:47 UTC 2025","","deleteByUserAndCourse","",""
"","6","should return true if student has paid enrollment","CoursesService","Thu Nov 13 20:24:46 UTC 2025","passed","Thu Nov 13 20:24:46 UTC 2025","","doesUserHaveAccess","",""
"","12","должен удалить пользователя","UsersController (integration)","Thu Nov 13 20:27:37 UTC 2025","passed","Thu Nov 13 20:27:37 UTC 2025","","DELETE /users/:id","",""
"","67","должен выбросить ошибку при создании пользователя с невалидными данными","UserRepo (integration)","Thu Nov 13 20:27:37 UTC 2025","passed","Thu Nov 13 20:27:38 UTC 2025","","create","",""
"","1","should update a lesson and return CourseLessonResponse","LessonsController","Thu Nov 13 20:24:47 UTC 2025","passed","Thu Nov 13 20:24:47 UTC 2025","","update","",""
"","2","login_failure","AuthController","Thu Nov 13 20:24:48 UTC 2025","passed","Thu Nov 13 20:24:48 UTC 2025","","","",""
"","","should return 404 when deleting non-existing course","CoursesController (HTTP integration)","Thu Nov 13 20:27:41 UTC 2025","skipped","","","DELETE /api/courses/:id","",""
"","16","должен удалить расписание пользователя","UserScheduleController (Integration)","Thu Nov 13 20:27:31 UTC 2025","passed","Thu Nov 13 20:27:31 UTC 2025","","DELETE /user-schedule","",""
"","29","должен создать расписание","UserScheduleController (Integration)","Thu Nov 13 20:27:31 UTC 2025","passed","Thu Nov 13 20:27:31 UTC 2025","","POST /user-schedule","",""
"","8","❌ выбрасывает ошибку при регистрации на несуществующий курс","CoursesService (Integration)","Thu Nov 13 20:27:29 UTC 2025","passed","Thu Nov 13 20:27:29 UTC 2025","","","",""
"","8","должен успешно удалить пользователя","UserRepo (integration)","Thu Nov 13 20:27:38 UTC 2025","passed","Thu Nov 13 20:27:38 UTC 2025","","delete","",""
"","3","should return false if user does not exist","AuthService","Thu Nov 13 20:24:48 UTC 2025","passed","Thu Nov 13 20:24:48 UTC 2025","","check","",""
"","9","должен вернуть всех пользователей","UsersService (Integration)","Thu Nov 13 20:28:06 UTC 2025","passed","Thu Nov 13 20:28:06 UTC 2025","","findAll","",""
"","","should fail to update without authentication","CoursesController (HTTP integration)","Thu Nov 13 20:27:41 UTC 2025","skipped","","","PATCH /api/courses/:id","",""
"","","should return all courses","CoursesController (HTTP integration)","Thu Nov 13 20:27:59 UTC 2025","skipped","","","GET /api/courses","",""
"","11","✅ возвращает доступности для пользователя и курса","UserAvailabilityService (Integration)","Thu Nov 13 20:27:34 UTC 2025","passed","Thu Nov 13 20:27:34 UTC 2025","","findByUserAndCourse","",""
"","","should fail to delete without authentication","CoursesController (HTTP integration)","Thu Nov 13 20:27:50 UTC 2025","skipped","","","DELETE /api/courses/:id","",""
"","","should isolate users between different schemas","AuthController (HTTP integration)","Thu Nov 13 20:27:46 UTC 2025","skipped","","","Schema Isolation","",""
"","8","✅ возвращает урок по id","LessonsService (Integration)","Thu Nov 13 20:28:07 UTC 2025","passed","Thu Nov 13 20:28:07 UTC 2025","","","",""
"","15","✅ should register user to course (positive)","CoursesController","Thu Nov 13 20:24:46 UTC 2025","passed","Thu Nov 13 20:24:46 UTC 2025","","register","",""
"","4","should find enrollment by user and course","CourseEnrollmentRepo (integration)","Thu Nov 13 20:27:39 UTC 2025","passed","Thu Nov 13 20:27:39 UTC 2025","","","",""
"","","should return courses without authentication","CoursesController (HTTP integration)","Thu Nov 13 20:27:41 UTC 2025","skipped","","","GET /api/courses","",""
"","12","should throw UnauthorizedException if password is invalid","AuthService","Thu Nov 13 20:24:48 UTC 2025","passed","Thu Nov 13 20:24:48 UTC 2025","","login","",""
"","9","should throw when updating non-existing payment","PaymentRepo (integration)","Thu Nov 13 20:27:33 UTC 2025","passed","Thu Nov 13 20:27:34 UTC 2025","","","",""
"","3","❌ должен выбросить ошибку при удалении несуществующей доступности","UserAvailabilityController (Unit)","Thu Nov 13 20:24:47 UTC 2025","passed","Thu Nov 13 20:24:47 UTC 2025","","remove","",""
"","14","should throw when payment not found","PaymentRepo (integration)","Thu Nov 13 20:27:33 UTC 2025","passed","Thu Nov 13 20:27:33 UTC 2025","","","",""
"","","should return 400 for invalid UUID","CoursesController (HTTP integration)","Thu Nov 13 20:27:31 UTC 2025","skipped","","","GET /api/courses/:id","",""
"","6","❌ должен вернуть null если генерация не удалась","UserScheduleController (Unit)","Thu Nov 13 20:24:46 UTC 2025","passed","Thu Nov 13 20:24:46 UTC 2025","","generate","",""
"","2","❌ должен выбросить ошибку для несуществующего id","UsersService (unit)","Thu Nov 13 20:24:48 UTC 2025","passed","Thu Nov 13 20:24:48 UTC 2025","","remove","",""
"","3","❌ должен выбросить ошибку для несуществующего id","PaymentsService","Thu Nov 13 20:24:48 UTC 2025","passed","Thu Nov 13 20:24:48 UTC 2025","","findOne","",""
"","18","✅ покупка курса","CoursesService (Integration)","Thu Nov 13 20:27:29 UTC 2025","passed","Thu Nov 13 20:27:29 UTC 2025","","","",""
"","4","✅ должен создать платеж и вернуть PaymentResponse","PaymentsController (unit)","Thu Nov 13 20:24:47 UTC 2025","passed","Thu Nov 13 20:24:47 UTC 2025","","create","",""
"","7","должен выбросить ошибку при обновлении несуществующего пользователя","UsersService (Integration)","Thu Nov 13 20:28:07 UTC 2025","passed","Thu Nov 13 20:28:07 UTC 2025","","update","",""
"","","register_success","AuthController (HTTP integration)","Thu Nov 13 20:28:04 UTC 2025","skipped","","","POST /api/auth/register","",""
"","5","❌ должен вернуть false если удаление не удалось","UserScheduleController (Unit)","Thu Nov 13 20:24:46 UTC 2025","passed","Thu Nov 13 20:24:46 UTC 2025","","deleteUserSchedule","",""
"","10","✅ удаляет курс","CoursesService (Integration)","Thu Nov 13 20:27:29 UTC 2025","passed","Thu Nov 13 20:27:29 UTC 2025","","","",""
"","","register_success","AuthController (HTTP integration)","Thu Nov 13 20:27:55 UTC 2025","skipped","","","POST /api/auth/register","",""
"","5","✅ админ имеет доступ к курсу","CoursesService (Integration)","Thu Nov 13 20:27:29 UTC 2025","passed","Thu Nov 13 20:27:29 UTC 2025","","","",""
"","5","должен выбросить ошибку при удалении несуществующего пользователя","UserRepo (integration)","Thu Nov 13 20:27:38 UTC 2025","passed","Thu Nov 13 20:27:38 UTC 2025","","delete","",""
"","16","должен выбросить ошибку для несуществующего курса","UserScheduleService (Integration)","Thu Nov 13 20:27:31 UTC 2025","passed","Thu Nov 13 20:27:31 UTC 2025","","generate()","",""
"","","should fail to create course without authentication","CoursesController (HTTP integration)","Thu Nov 13 20:27:41 UTC 2025","skipped","","","POST /api/courses","",""
"","13","should find user availability by id","UserAvailabilityRepo (integration)","Thu Nov 13 20:27:32 UTC 2025","passed","Thu Nov 13 20:27:32 UTC 2025","","","",""
"","12","should find all payments by user","PaymentRepo (integration)","Thu Nov 13 20:27:33 UTC 2025","passed","Thu Nov 13 20:27:33 UTC 2025","","","",""
"","7","should throw NotFoundException if no enrollments found","CoursesService","Thu Nov 13 20:24:46 UTC 2025","passed","Thu Nov 13 20:24:46 UTC 2025","","findAllEnrollments","",""
"","2","❌ should throw if update fails (negative)","CoursesController","Thu Nov 13 20:24:46 UTC 2025","passed","Thu Nov 13 20:24:46 UTC 2025","","update","",""
"","2","❌ должен выбросить ошибку при удалении несуществующего пользователя","UsersController (unit)","Thu Nov 13 20:24:46 UTC 2025","passed","Thu Nov 13 20:24:46 UTC 2025","","remove","",""
"","","register_failure_conflict","AuthController (HTTP integration)","Thu Nov 13 20:27:46 UTC 2025","skipped","","","POST /api/auth/register","",""
"","","logout","AuthController (HTTP integration)","Thu Nov 13 20:27:55 UTC 2025","skipped","","","POST /api/auth/logout","",""
"","21","GET /payments/:id → должен вернуть платеж по id","PaymentsController (integration)","Thu Nov 13 20:27:35 UTC 2025","passed","Thu Nov 13 20:27:35 UTC 2025","","","",""
"","20","GET /courses → should return empty array if no courses exist","CoursesController (integration)","Thu Nov 13 20:27:38 UTC 2025","passed","Thu Nov 13 20:27:38 UTC 2025","","","",""
"","14","should create a course and return CourseResponse","CoursesController","Thu Nov 13 20:24:46 UTC 2025","passed","Thu Nov 13 20:24:46 UTC 2025","","create","",""
"","3","should delete course","CoursesService","Thu Nov 13 20:24:46 UTC 2025","passed","Thu Nov 13 20:24:46 UTC 2025","","remove","",""
"","3","✅ должен обновить доступность","UserAvailabilityService","Thu Nov 13 20:24:47 UTC 2025","passed","Thu Nov 13 20:24:47 UTC 2025","","update","",""
"","2","✅ должен вернуть один UserResponse","UsersController (unit)","Thu Nov 13 20:24:46 UTC 2025","passed","Thu Nov 13 20:24:46 UTC 2025","","findOne","",""
"","5","should throw when updating non-existing course","CourseRepo (integration)","Thu Nov 13 20:28:08 UTC 2025","passed","Thu Nov 13 20:28:08 UTC 2025","","","",""
"","14","should throw NotFoundException if user not found","AuthService","Thu Nov 13 20:24:48 UTC 2025","passed","Thu Nov 13 20:24:48 UTC 2025","","getMe","",""
"","1","✅ должен вернуть один PaymentResponse","PaymentsController (unit)","Thu Nov 13 20:24:47 UTC 2025","passed","Thu Nov 13 20:24:47 UTC 2025","","findOne","",""
"","12","должен успешно обновить пользователя","UserRepo (integration)","Thu Nov 13 20:27:38 UTC 2025","passed","Thu Nov 13 20:27:38 UTC 2025","","update","",""
"","0","should logout","AuthService (Integration)","Thu Nov 13 20:28:09 UTC 2025","passed","Thu Nov 13 20:28:09 UTC 2025","","","",""
"","15","✅ обновляет доступность","UserAvailabilityService (Integration)","Thu Nov 13 20:27:34 UTC 2025","passed","Thu Nov 13 20:27:34 UTC 2025","","update","",""
"","6","⚡ should throw InternalServerErrorException on repo error","LessonsService","Thu Nov 13 20:24:47 UTC 2025","passed","Thu Nov 13 20:24:47 UTC 2025","","create","",""
"","","should return 404 for non-existing course","CoursesController (HTTP integration)","Thu Nov 13 20:27:59 UTC 2025","skipped","","","GET /api/courses/:id","",""
"","35","POST /payments → должен создать платеж","PaymentsController (integration)","Thu Nov 13 20:27:35 UTC 2025","passed","Thu Nov 13 20:27:35 UTC 2025","","","",""
"","75","should create a new course (positive)","CoursesService","Thu Nov 13 20:24:46 UTC 2025","passed","Thu Nov 13 20:24:46 UTC 2025","","create","",""
"","","should return 404 for non-existing course","CoursesController (HTTP integration)","Thu Nov 13 20:27:50 UTC 2025","skipped","","","GET /api/courses/:id","",""
"","3","login_success","AuthController","Thu Nov 13 20:24:48 UTC 2025","passed","Thu Nov 13 20:24:48 UTC 2025","","","",""
"","14","GET /payments → должен вернуть пустой массив если платежей нет","PaymentsController (integration)","Thu Nov 13 20:27:35 UTC 2025","passed","Thu Nov 13 20:27:35 UTC 2025","","","",""
"","8","✅ должен вернуть доступности для пользователя и курса","UserAvailabilityService","Thu Nov 13 20:24:47 UTC 2025","passed","Thu Nov 13 20:24:47 UTC 2025","","findByUserAndCourse","",""
"","3","⚡ should throw InternalServerErrorException on repo error","LessonsService","Thu Nov 13 20:24:47 UTC 2025","passed","Thu Nov 13 20:24:47 UTC 2025","","findOne","",""
"","2","should return a single CourseLessonResponse","LessonsController","Thu Nov 13 20:24:47 UTC 2025","passed","Thu Nov 13 20:24:47 UTC 2025","","findOne","",""
"","","check_user_not_exists","AuthController (HTTP integration)","Thu Nov 13 20:27:46 UTC 2025","skipped","","","GET /api/auth/check","",""
"","2","❌ должен вернуть пустой массив если платежей нет","PaymentsService","Thu Nov 13 20:24:48 UTC 2025","passed","Thu Nov 13 20:24:48 UTC 2025","","findAll","",""
"","","should return 404 for non-existing course","CoursesController (HTTP integration)","Thu Nov 13 20:27:41 UTC 2025","skipped","","","GET /api/courses/:id","",""
"","8","должен вернуть 404 для несуществующего пользователя","UsersController (integration)","Thu Nov 13 20:27:37 UTC 2025","passed","Thu Nov 13 20:27:37 UTC 2025","","DELETE /users/:id","",""
"","12","✅ должен создать пользователя","UsersService (unit)","Thu Nov 13 20:24:48 UTC 2025","passed","Thu Nov 13 20:24:48 UTC 2025","","create","",""
"","5","should update enrollment status","CourseEnrollmentRepo (integration)","Thu Nov 13 20:27:39 UTC 2025","passed","Thu Nov 13 20:27:39 UTC 2025","","","",""
"","13","should register user (positive)","CoursesService","Thu Nov 13 20:24:46 UTC 2025","passed","Thu Nov 13 20:24:46 UTC 2025","","registerUser","",""
"","18","should create a payment","PaymentRepo (integration)","Thu Nov 13 20:27:33 UTC 2025","passed","Thu Nov 13 20:27:33 UTC 2025","","","",""
"","5","should throw when deleting non-existing course","CourseRepo (integration)","Thu Nov 13 20:28:08 UTC 2025","passed","Thu Nov 13 20:28:08 UTC 2025","","","",""
"","4","should find course by id","CourseRepo (integration)","Thu Nov 13 20:28:08 UTC 2025","passed","Thu Nov 13 20:28:08 UTC 2025","","","",""
"","212","login_success","AuthController (Integration)","Thu Nov 13 20:28:05 UTC 2025","passed","Thu Nov 13 20:28:05 UTC 2025","","","",""
"","27","should create valid token pair","AuthService","Thu Nov 13 20:24:48 UTC 2025","passed","Thu Nov 13 20:24:48 UTC 2025","","createTokenPair","",""
"","7","❌ выбрасывает ошибку, если курс не существует","CoursesService (Integration)","Thu Nov 13 20:27:28 UTC 2025","passed","Thu Nov 13 20:27:28 UTC 2025","","","",""
"","","should return 400 for invalid UUID","CoursesController (HTTP integration)","Thu Nov 13 20:27:59 UTC 2025","skipped","","","GET /api/courses/:id","",""
"","6","check_success","AuthController","Thu Nov 13 20:24:48 UTC 2025","passed","Thu Nov 13 20:24:48 UTC 2025","","","",""
"","52","должен создать пользователя","UsersController (integration)","Thu Nov 13 20:27:37 UTC 2025","passed","Thu Nov 13 20:27:37 UTC 2025","","POST /users","",""
"","12","DELETE /courses/:id → should delete course","CoursesController (integration)","Thu Nov 13 20:27:38 UTC 2025","passed","Thu Nov 13 20:27:38 UTC 2025","","","",""
"","2","get_me_failure","AuthController","Thu Nov 13 20:24:48 UTC 2025","passed","Thu Nov 13 20:24:48 UTC 2025","","","",""
"","2","should return an array of CourseResponse","CoursesController","Thu Nov 13 20:24:46 UTC 2025","passed","Thu Nov 13 20:24:46 UTC 2025","","findAll","",""
"","1","should throw an error if service.remove fails (negative)","LessonsController","Thu Nov 13 20:24:47 UTC 2025","passed","Thu Nov 13 20:24:47 UTC 2025","","remove","",""
"","","logout","AuthController (HTTP integration)","Thu Nov 13 20:27:46 UTC 2025","skipped","","","POST /api/auth/logout","",""
"","1","❌ should throw if remove fails (negative)","CoursesController","Thu Nov 13 20:24:46 UTC 2025","passed","Thu Nov 13 20:24:46 UTC 2025","","remove","",""
"","3","should find all enrollments by user","CourseEnrollmentRepo (integration)","Thu Nov 13 20:27:39 UTC 2025","passed","Thu Nov 13 20:27:39 UTC 2025","","","",""
"","4","❌ должен выбросить ошибку при сбое сервиса","UserAvailabilityController (Unit)","Thu Nov 13 20:24:47 UTC 2025","passed","Thu Nov 13 20:24:47 UTC 2025","","findAll","",""
"","","should isolate users between different schemas","AuthController (HTTP integration)","Thu Nov 13 20:28:13 UTC 2025","skipped","","","Schema Isolation","",""
"","118","register_failure_conflict","AuthController (Integration)","Thu Nov 13 20:28:05 UTC 2025","passed","Thu Nov 13 20:28:05 UTC 2025","","","",""
"","13","✅ должен создать расписание пользователя","UserScheduleService (Unit)","Thu Nov 13 20:24:47 UTC 2025","passed","Thu Nov 13 20:24:47 UTC 2025","","create","",""
"","","get_me_failure_unauthorized","AuthController (HTTP integration)","Thu Nov 13 20:27:55 UTC 2025","skipped","","","GET /api/auth/me","",""
"","12","should delete payment","PaymentRepo (integration)","Thu Nov 13 20:27:34 UTC 2025","passed","Thu Nov 13 20:27:34 UTC 2025","","","",""
"","","should fail to create course with empty name","CoursesController (HTTP integration)","Thu Nov 13 20:27:50 UTC 2025","skipped","","","POST /api/courses","",""
"","","should fail to delete without authentication","CoursesController (HTTP integration)","Thu Nov 13 20:27:41 UTC 2025","skipped","","","DELETE /api/courses/:id","",""
"","8","❌ должен выбросить ошибку при сбое репозитория","UserAvailabilityService","Thu Nov 13 20:24:47 UTC 2025","passed","Thu Nov 13 20:24:47 UTC 2025","","update","",""
"","17","should return empty array when no payments for user","PaymentRepo (integration)","Thu Nov 13 20:27:33 UTC 2025","passed","Thu Nov 13 20:27:33 UTC 2025","","","",""
"","","get_me_success","AuthController (HTTP integration)","Thu Nov 13 20:27:55 UTC 2025","skipped","","","GET /api/auth/me","",""
"","9","должен выбросить ошибку если пользователь не найден","UsersService (Integration)","Thu Nov 13 20:28:07 UTC 2025","passed","Thu Nov 13 20:28:07 UTC 2025","","findOne","",""
"","11","should update payment","PaymentRepo (integration)","Thu Nov 13 20:27:33 UTC 2025","passed","Thu Nov 13 20:27:33 UTC 2025","","","",""
"","","register_failure_validation","AuthController (HTTP integration)","Thu Nov 13 20:27:55 UTC 2025","skipped","","","POST /api/auth/register","",""
"","","should return 400 for invalid UUID","CoursesController (HTTP integration)","Thu Nov 13 20:27:50 UTC 2025","skipped","","","GET /api/courses/:id","",""
"","95","should create a course","CourseRepo (integration)","Thu Nov 13 20:28:08 UTC 2025","passed","Thu Nov 13 20:28:08 UTC 2025","","","",""
"","","should fail to delete without authentication","CoursesController (HTTP integration)","Thu Nov 13 20:27:31 UTC 2025","skipped","","","DELETE /api/courses/:id","",""
"","10","должен вернуть пустой массив если пользователей нет","UserRepo (integration)","Thu Nov 13 20:27:38 UTC 2025","passed","Thu Nov 13 20:27:38 UTC 2025","","findAll","",""
"","1","should find all enrollments by course - no course","CourseEnrollmentRepo (integration)","Thu Nov 13 20:27:39 UTC 2025","passed","Thu Nov 13 20:27:39 UTC 2025","","","",""
"","","logout","AuthController (HTTP integration)","Thu Nov 13 20:28:04 UTC 2025","skipped","","","POST /api/auth/logout","",""
"","13","❌ должен выбросить ошибку при сбое репозитория","UserAvailabilityService","Thu Nov 13 20:24:47 UTC 2025","passed","Thu Nov 13 20:24:47 UTC 2025","","findByUserAndCourse","",""
"","2","should return a single CourseResponse","CoursesController","Thu Nov 13 20:24:46 UTC 2025","passed","Thu Nov 13 20:24:46 UTC 2025","","findOne","",""
"","10","❌ выбрасывает ошибку, если доступность не существует","UserAvailabilityService (Integration)","Thu Nov 13 20:27:35 UTC 2025","passed","Thu Nov 13 20:27:35 UTC 2025","","delete","",""
"","2","✅ должен удалить платеж и вернуть PaymentResponse","PaymentsController (unit)","Thu Nov 13 20:24:47 UTC 2025","passed","Thu Nov 13 20:24:47 UTC 2025","","remove","",""
"","2","❌ should throw if service.findAll fails (negative)","CoursesController","Thu Nov 13 20:24:46 UTC 2025","passed","Thu Nov 13 20:24:46 UTC 2025","","findAll","",""
"","13","GET /lessons/:id → should return 404 for non-existing lesson","LessonsController (integration)","Thu Nov 13 20:27:36 UTC 2025","passed","Thu Nov 13 20:27:36 UTC 2025","","","",""
"","8","should find all courses","CourseRepo (integration)","Thu Nov 13 20:28:08 UTC 2025","passed","Thu Nov 13 20:28:08 UTC 2025","","","",""
"","","login_success","AuthController (HTTP integration)","Thu Nov 13 20:27:46 UTC 2025","skipped","","","POST /api/auth/login","",""
"","5","❌ должен выбросить ошибку при обновлении несуществующей доступности","UserAvailabilityController (Unit)","Thu Nov 13 20:24:47 UTC 2025","passed","Thu Nov 13 20:24:47 UTC 2025","","update","",""
"","14","POST /user-availability → должен вернуть ошибку при создании с невалидным week_day","UserAvailabilityController (integration)","Thu Nov 13 20:27:30 UTC 2025","passed","Thu Nov 13 20:27:30 UTC 2025","","","",""
"","3","❌ должен выбросить ошибку когда пользователь не найден","UsersController (unit)","Thu Nov 13 20:24:46 UTC 2025","passed","Thu Nov 13 20:24:46 UTC 2025","","findOne","",""
"","17","GET /user-availability/:id → должен вернуть 404 для несуществующей доступности","UserAvailabilityController (integration)","Thu Nov 13 20:27:30 UTC 2025","passed","Thu Nov 13 20:27:30 UTC 2025","","","",""
"","11","should return null when payment not found by user and course","PaymentRepo (integration)","Thu Nov 13 20:27:33 UTC 2025","passed","Thu Nov 13 20:27:33 UTC 2025","","","",""
"","1","❌ должен выбросить ошибку при удалении несуществующего платежа","PaymentsController (unit)","Thu Nov 13 20:24:47 UTC 2025","passed","Thu Nov 13 20:24:47 UTC 2025","","remove","",""
"","10","⚡ should throw InternalServerErrorException on repo error","LessonsService","Thu Nov 13 20:24:47 UTC 2025","passed","Thu Nov 13 20:24:47 UTC 2025","","findAll","",""
"","8","should throw ForbiddenException if already paid","CoursesService","Thu Nov 13 20:24:46 UTC 2025","passed","Thu Nov 13 20:24:46 UTC 2025","","purchaseCourse","",""
"","","should create a course","CoursesController (HTTP integration)","Thu Nov 13 20:27:41 UTC 2025","skipped","","","POST /api/courses","",""
"","116","check_user","AuthController (Integration)","Thu Nov 13 20:28:05 UTC 2025","passed","Thu Nov 13 20:28:06 UTC 2025","","","",""
"","16","should throw NotFoundException if none found","CoursesService","Thu Nov 13 20:24:46 UTC 2025","passed","Thu Nov 13 20:24:46 UTC 2025","","findAllPayments","",""
"","12","должен успешно удалить пользователя","UsersService (Integration)","Thu Nov 13 20:28:07 UTC 2025","passed","Thu Nov 13 20:28:07 UTC 2025","","remove","",""
"","11","✅ должен создать урок","LessonsService (Integration)","Thu Nov 13 20:28:07 UTC 2025","passed","Thu Nov 13 20:28:07 UTC 2025","","","",""
"","68","should throw when creating a lesson with invalid data","CourseLessonRepo (integration)","Thu Nov 13 20:27:40 UTC 2025","passed","Thu Nov 13 20:27:40 UTC 2025","","","",""
"","","register_failure_validation","AuthController (HTTP integration)","Thu Nov 13 20:28:04 UTC 2025","skipped","","","POST /api/auth/register","",""
"","7","❌ должен выбросить ошибку при сбое репозитория","UserScheduleService (Unit)","Thu Nov 13 20:24:47 UTC 2025","passed","Thu Nov 13 20:24:47 UTC 2025","","create","",""
"","12","PATCH /lessons/:id → should return 404 when updating non-existing lesson","LessonsController (integration)","Thu Nov 13 20:27:36 UTC 2025","passed","Thu Nov 13 20:27:36 UTC 2025","","","",""
"","2","should remove a course and return CourseResponse","CoursesController","Thu Nov 13 20:24:46 UTC 2025","passed","Thu Nov 13 20:24:46 UTC 2025","","remove","",""
"","54","должен выбросить ошибку при создании с несуществующим уроком","UserScheduleRepo","Thu Nov 13 20:27:27 UTC 2025","passed","Thu Nov 13 20:27:27 UTC 2025","","create()","",""
"","","get_me_failure_unauthorized","AuthController (HTTP integration)","Thu Nov 13 20:28:13 UTC 2025","skipped","","","GET /api/auth/me","",""
"","88","❌ ошибка при создании урока с пустым названием","LessonsService (Integration)","Thu Nov 13 20:28:07 UTC 2025","passed","Thu Nov 13 20:28:07 UTC 2025","","","",""
"","6","⚡ should throw NotFoundException if lesson not found","LessonsService","Thu Nov 13 20:24:47 UTC 2025","passed","Thu Nov 13 20:24:47 UTC 2025","","update","",""
"","7","❌ возвращает пустой массив, если платежей нет","CoursesService (Integration)","Thu Nov 13 20:27:29 UTC 2025","passed","Thu Nov 13 20:27:29 UTC 2025","","","",""
"","7","should delete lesson","CourseLessonRepo (integration)","Thu Nov 13 20:27:40 UTC 2025","passed","Thu Nov 13 20:27:40 UTC 2025","","","",""
"","66","должен вернуть ошибку при создании пользователя с дублирующимся email","UsersController (integration)","Thu Nov 13 20:27:37 UTC 2025","passed","Thu Nov 13 20:27:37 UTC 2025","","POST /users","",""
"","10","should delete course","CourseRepo (integration)","Thu Nov 13 20:28:08 UTC 2025","passed","Thu Nov 13 20:28:08 UTC 2025","","","",""
"","2","logout","AuthController","Thu Nov 13 20:24:48 UTC 2025","passed","Thu Nov 13 20:24:48 UTC 2025","","","",""
"","9","должен вернуть всех пользователей","UsersController (integration)","Thu Nov 13 20:27:37 UTC 2025","passed","Thu Nov 13 20:27:37 UTC 2025","","GET /users","",""
"","2","should return enrollments","CoursesService","Thu Nov 13 20:24:46 UTC 2025","passed","Thu Nov 13 20:24:46 UTC 2025","","findAllEnrollments","",""
"","5","должен вернуть null если пользователь не найден","UserRepo (integration)","Thu Nov 13 20:27:38 UTC 2025","passed","Thu Nov 13 20:27:38 UTC 2025","","findById","",""
"","2","should return payments","CoursesService","Thu Nov 13 20:24:46 UTC 2025","passed","Thu Nov 13 20:24:46 UTC 2025","","findAllPayments","",""
"","","should return one course","CoursesController (HTTP integration)","Thu Nov 13 20:27:59 UTC 2025","skipped","","","GET /api/courses/:id","",""
"","37","✅ должен создать доступность","UserAvailabilityService (Integration)","Thu Nov 13 20:27:34 UTC 2025","passed","Thu Nov 13 20:27:34 UTC 2025","","create","",""
"","6","should return lessons if user has access","CoursesService","Thu Nov 13 20:24:46 UTC 2025","passed","Thu Nov 13 20:24:46 UTC 2025","","findAllLessons","",""
"","9","should register a new user","AuthService","Thu Nov 13 20:24:48 UTC 2025","passed","Thu Nov 13 20:24:48 UTC 2025","","register","",""
"","3","should throw NotFoundException if not found","CoursesService","Thu Nov 13 20:24:46 UTC 2025","passed","Thu Nov 13 20:24:46 UTC 2025","","findOne","",""
"","106","❌ ошибка при создании доступности с несуществующим курсом","UserAvailabilityService (Integration)","Thu Nov 13 20:27:34 UTC 2025","passed","Thu Nov 13 20:27:34 UTC 2025","","create","",""
"","171","should login with valid credentials","AuthService (Integration)","Thu Nov 13 20:28:09 UTC 2025","passed","Thu Nov 13 20:28:09 UTC 2025","","","",""
"","3","✅ должен вернуть все платежи","PaymentsService","Thu Nov 13 20:24:48 UTC 2025","passed","Thu Nov 13 20:24:48 UTC 2025","","findAll","",""
"","8","✅ возвращает платеж по id","PaymentsService (Integration)","Thu Nov 13 20:27:40 UTC 2025","passed","Thu Nov 13 20:27:40 UTC 2025","","findOne","",""
"","2","⚡ should throw InternalServerErrorException on repo error","LessonsService","Thu Nov 13 20:24:47 UTC 2025","passed","Thu Nov 13 20:24:47 UTC 2025","","remove","",""
"","3","✅ должен вернуть массив UserResponse","UsersController (unit)","Thu Nov 13 20:24:46 UTC 2025","passed","Thu Nov 13 20:24:46 UTC 2025","","findAll","",""
"","","check_user_not_exists","AuthController (HTTP integration)","Thu Nov 13 20:28:13 UTC 2025","skipped","","","GET /api/auth/check","",""
"","6","❌ выбрасывает ошибку, если на курс нет регистраций","CoursesService (Integration)","Thu Nov 13 20:27:29 UTC 2025","passed","Thu Nov 13 20:27:29 UTC 2025","","","",""
"","8","should find all payments","PaymentRepo (integration)","Thu Nov 13 20:27:33 UTC 2025","passed","Thu Nov 13 20:27:33 UTC 2025","","","",""
"","14","should return empty array when no payments exist","PaymentRepo (integration)","Thu Nov 13 20:27:33 UTC 2025","passed","Thu Nov 13 20:27:33 UTC 2025","","","",""
"","52","❌ ошибка при создании курса с пустым названием","CoursesService (Integration)","Thu Nov 13 20:27:28 UTC 2025","passed","Thu Nov 13 20:27:28 UTC 2025","","","",""
"","1","❌ should throw if purchaseCourse fails (negative)","CoursesController","Thu Nov 13 20:24:46 UTC 2025","passed","Thu Nov 13 20:24:46 UTC 2025","","purchaseCourse","",""
"","13","should find payment by user and course","PaymentRepo (integration)","Thu Nov 13 20:27:33 UTC 2025","passed","Thu Nov 13 20:27:33 UTC 2025","","","",""
"","","should partially update course","CoursesController (HTTP integration)","Thu Nov 13 20:27:41 UTC 2025","skipped","","","PATCH /api/courses/:id","",""
"","13","✅ обновляет урок","LessonsService (Integration)","Thu Nov 13 20:28:08 UTC 2025","passed","Thu Nov 13 20:28:08 UTC 2025","","","",""
"","4","✅ должен удалить доступность","UserAvailabilityController (Unit)","Thu Nov 13 20:24:47 UTC 2025","passed","Thu Nov 13 20:24:47 UTC 2025","","remove","",""
"","15","should be defined","AuthController","Thu Nov 13 20:24:48 UTC 2025","passed","Thu Nov 13 20:24:48 UTC 2025","","","",""
"","28","✅ should return all lessons","LessonsService","Thu Nov 13 20:24:47 UTC 2025","passed","Thu Nov 13 20:24:47 UTC 2025","","findAll","",""
"","","should delete course","CoursesController (HTTP integration)","Thu Nov 13 20:27:50 UTC 2025","skipped","","","DELETE /api/courses/:id","",""
"","4","should return empty array when no lessons for course","CourseLessonRepo (integration)","Thu Nov 13 20:27:40 UTC 2025","passed","Thu Nov 13 20:27:40 UTC 2025","","","",""
"","10","❌ возвращает пустой список после удаления урока","LessonsService (Integration)","Thu Nov 13 20:28:07 UTC 2025","passed","Thu Nov 13 20:28:07 UTC 2025","","","",""
"","5","should throw an error if repository.findAll fails (negative)","CoursesService","Thu Nov 13 20:24:46 UTC 2025","passed","Thu Nov 13 20:24:46 UTC 2025","","findAll","",""
"","3","should return true if user exists","AuthService","Thu Nov 13 20:24:48 UTC 2025","passed","Thu Nov 13 20:24:48 UTC 2025","","check","",""
"","","check_user_exists","AuthController (HTTP integration)","Thu Nov 13 20:28:04 UTC 2025","skipped","","","GET /api/auth/check","",""
"","","should return courses without authentication","CoursesController (HTTP integration)","Thu Nov 13 20:27:31 UTC 2025","skipped","","","GET /api/courses","",""
"","","should return 404 for non-existing course","CoursesController (HTTP integration)","Thu Nov 13 20:27:31 UTC 2025","skipped","","","GET /api/courses/:id","",""
"","1","should throw an error if service.update fails (negative)","LessonsController","Thu Nov 13 20:24:47 UTC 2025","passed","Thu Nov 13 20:24:47 UTC 2025","","update","",""
"","12","❌ выбрасывает ошибку для пользователя без доступа к урокам","CoursesService (Integration)","Thu Nov 13 20:27:29 UTC 2025","passed","Thu Nov 13 20:27:29 UTC 2025","","","",""
"","2","❌ должен выбросить ошибку при создании платежа с некорректными данными","PaymentsController (unit)","Thu Nov 13 20:24:47 UTC 2025","passed","Thu Nov 13 20:24:47 UTC 2025","","create","",""
"","10","POST /courses → should fail to create course with empty name","CoursesController (integration)","Thu Nov 13 20:27:38 UTC 2025","passed","Thu Nov 13 20:27:38 UTC 2025","","","",""
"","16","должен вернуть пустой массив если пользователей нет","UsersController (integration)","Thu Nov 13 20:27:37 UTC 2025","passed","Thu Nov 13 20:27:37 UTC 2025","","GET /users","",""
"","3","должен выбросить ошибку при удалении для несуществующего курса","UserScheduleRepo","Thu Nov 13 20:27:27 UTC 2025","passed","Thu Nov 13 20:27:27 UTC 2025","","deleteByUserAndCourse()","",""
"","","should return courses without authentication","CoursesController (HTTP integration)","Thu Nov 13 20:27:59 UTC 2025","skipped","","","GET /api/courses","",""
"","91","должен выбросить ошибку при создании пользователя с невалидными данными","UsersService (Integration)","Thu Nov 13 20:28:06 UTC 2025","passed","Thu Nov 13 20:28:06 UTC 2025","","create","",""
"","16","❌ должен выбросить ошибку при сбое репозитория","UserScheduleService (Unit)","Thu Nov 13 20:24:47 UTC 2025","passed","Thu Nov 13 20:24:47 UTC 2025","","generate","",""
"","17","GET /payments → должен вернуть все платежи","PaymentsController (integration)","Thu Nov 13 20:27:35 UTC 2025","passed","Thu Nov 13 20:27:35 UTC 2025","","","",""
"","","should update course","CoursesController (HTTP integration)","Thu Nov 13 20:27:59 UTC 2025","skipped","","","PATCH /api/courses/:id","",""
"","","register_failure_conflict","AuthController (HTTP integration)","Thu Nov 13 20:28:04 UTC 2025","skipped","","","POST /api/auth/register","",""
"","10","✅ обновляет платеж","PaymentsService (Integration)","Thu Nov 13 20:27:40 UTC 2025","passed","Thu Nov 13 20:27:40 UTC 2025","","update","",""
"","4","should throw NotFoundException if course not found","CoursesService","Thu Nov 13 20:24:46 UTC 2025","passed","Thu Nov 13 20:24:46 UTC 2025","","update","",""
"","3","✅ должен вернуть пользователя по id","UsersService (unit)","Thu Nov 13 20:24:48 UTC 2025","passed","Thu Nov 13 20:24:48 UTC 2025","","findOne","",""
"","7","login_failure_unauthorized","AuthController (Integration)","Thu Nov 13 20:28:05 UTC 2025","passed","Thu Nov 13 20:28:05 UTC 2025","","","",""
"","11","✅ возвращает один урок изначально","LessonsService (Integration)","Thu Nov 13 20:28:07 UTC 2025","passed","Thu Nov 13 20:28:07 UTC 2025","","","",""
"","","get_me_success","AuthController (HTTP integration)","Thu Nov 13 20:28:04 UTC 2025","skipped","","","GET /api/auth/me","",""
"","25","POST /courses → should create a course","CoursesController (integration)","Thu Nov 13 20:27:38 UTC 2025","passed","Thu Nov 13 20:27:38 UTC 2025","","","",""
"","","should create a course","CoursesController (HTTP integration)","Thu Nov 13 20:27:50 UTC 2025","skipped","","","POST /api/courses","",""
"","14","✅ удаляет доступность","UserAvailabilityService (Integration)","Thu Nov 13 20:27:35 UTC 2025","passed","Thu Nov 13 20:27:35 UTC 2025","","delete","",""
"","7","❌ должен выбросить ошибку при сбое репозитория","UserAvailabilityService","Thu Nov 13 20:24:47 UTC 2025","passed","Thu Nov 13 20:24:47 UTC 2025","","create","",""
"","5","should find lesson by id","CourseLessonRepo (integration)","Thu Nov 13 20:27:40 UTC 2025","passed","Thu Nov 13 20:27:40 UTC 2025","","","",""
"","","check_user_exists","AuthController (HTTP integration)","Thu Nov 13 20:27:46 UTC 2025","skipped","","","GET /api/auth/check","",""
"","6","❌ выбрасывает ошибку при обновлении несуществующего курса","CoursesService (Integration)","Thu Nov 13 20:27:29 UTC 2025","passed","Thu Nov 13 20:27:29 UTC 2025","","","",""
"","13","PATCH /lessons/:id → should update lesson","LessonsController (integration)","Thu Nov 13 20:27:36 UTC 2025","passed","Thu Nov 13 20:27:36 UTC 2025","","","",""
"","16","✅ должен создать пользователя и вернуть UserResponse","UsersController (unit)","Thu Nov 13 20:24:46 UTC 2025","passed","Thu Nov 13 20:24:46 UTC 2025","","create","",""
"","","should fail to create course with empty name","CoursesController (HTTP integration)","Thu Nov 13 20:27:59 UTC 2025","skipped","","","POST /api/courses","",""
"","","should partially update course","CoursesController (HTTP integration)","Thu Nov 13 20:27:31 UTC 2025","skipped","","","PATCH /api/courses/:id","",""
"","211","register_success","AuthController (Integration)","Thu Nov 13 20:28:05 UTC 2025","passed","Thu Nov 13 20:28:05 UTC 2025","","","",""
"","10","должен найти пользователя по id","UsersService (Integration)","Thu Nov 13 20:28:06 UTC 2025","passed","Thu Nov 13 20:28:07 UTC 2025","","findOne","",""
"","","should return one course","CoursesController (HTTP integration)","Thu Nov 13 20:27:41 UTC 2025","skipped","","","GET /api/courses/:id","",""
"","2","✅ должен вернуть массив PaymentResponse","PaymentsController (unit)","Thu Nov 13 20:24:47 UTC 2025","passed","Thu Nov 13 20:24:47 UTC 2025","","findAll","",""
"","5","should throw when updating non-existing lesson","CourseLessonRepo (integration)","Thu Nov 13 20:27:40 UTC 2025","passed","Thu Nov 13 20:27:40 UTC 2025","","","",""
"","","get_me_success","AuthController (HTTP integration)","Thu Nov 13 20:28:13 UTC 2025","skipped","","","GET /api/auth/me","",""
"","56","✅ should create a lesson (positive)","LessonsService","Thu Nov 13 20:24:47 UTC 2025","passed","Thu Nov 13 20:24:47 UTC 2025","","create","",""
"","","should fail to create course with empty name","CoursesController (HTTP integration)","Thu Nov 13 20:27:31 UTC 2025","skipped","","","POST /api/courses","",""
"","10","should find payment by id","PaymentRepo (integration)","Thu Nov 13 20:27:33 UTC 2025","passed","Thu Nov 13 20:27:33 UTC 2025","","","",""
"","17","DELETE /payments/:id → должен вернуть 404 для несуществующего платежа","PaymentsController (integration)","Thu Nov 13 20:27:36 UTC 2025","passed","Thu Nov 13 20:27:36 UTC 2025","","","",""
"","","login_success","AuthController (HTTP integration)","Thu Nov 13 20:28:13 UTC 2025","skipped","","","POST /api/auth/login","",""
"","5","должен вернуть null если пользователь не найден","UserRepo (integration)","Thu Nov 13 20:27:38 UTC 2025","passed","Thu Nov 13 20:27:38 UTC 2025","","findByEmail","",""
"","5","register_failure","AuthController","Thu Nov 13 20:24:48 UTC 2025","passed","Thu Nov 13 20:24:48 UTC 2025","","","",""
"","14","должен вернуть расписание пользователя","UserScheduleController (Integration)","Thu Nov 13 20:27:31 UTC 2025","passed","Thu Nov 13 20:27:31 UTC 2025","","GET /user-schedule","",""
"","5","should throw when lesson not found","CourseLessonRepo (integration)","Thu Nov 13 20:27:40 UTC 2025","passed","Thu Nov 13 20:27:40 UTC 2025","","","",""
"","3","should return course if exists","CoursesService","Thu Nov 13 20:24:46 UTC 2025","passed","Thu Nov 13 20:24:46 UTC 2025","","findOne","",""
"","15","должен вернуть ошибку при невалидных данных","UserScheduleController (Integration)","Thu Nov 13 20:27:31 UTC 2025","passed","Thu Nov 13 20:27:31 UTC 2025","","POST /user-schedule","",""
"","9","✅ удаляет платеж","PaymentsService (Integration)","Thu Nov 13 20:27:40 UTC 2025","passed","Thu Nov 13 20:27:40 UTC 2025","","remove","",""
"","17","должен обновить пользователя","UsersController (integration)","Thu Nov 13 20:27:37 UTC 2025","passed","Thu Nov 13 20:27:37 UTC 2025","","PATCH /users/:id","",""
"","1","should throw an error if service.findAll fails (negative)","LessonsController","Thu Nov 13 20:24:47 UTC 2025","passed","Thu Nov 13 20:24:47 UTC 2025","","findAll","",""
"","","logout","AuthController (HTTP integration)","Thu Nov 13 20:28:13 UTC 2025","skipped","","","POST /api/auth/logout","",""
"","10","should return null when availability not found","UserAvailabilityRepo (integration)","Thu Nov 13 20:27:32 UTC 2025","passed","Thu Nov 13 20:27:32 UTC 2025","","","",""
"","8","✅ удаляет урок","LessonsService (Integration)","Thu Nov 13 20:28:08 UTC 2025","passed","Thu Nov 13 20:28:08 UTC 2025","","","",""
"","8","should return true for admin","CoursesService","Thu Nov 13 20:24:46 UTC 2025","passed","Thu Nov 13 20:24:46 UTC 2025","","doesUserHaveAccess","",""
"","8","✅ возвращает курс по id","CoursesService (Integration)","Thu Nov 13 20:27:28 UTC 2025","passed","Thu Nov 13 20:27:28 UTC 2025","","","",""
"","2","✅ должен вернуть платеж по id","PaymentsService","Thu Nov 13 20:24:48 UTC 2025","passed","Thu Nov 13 20:24:48 UTC 2025","","findOne","",""
"","5","✅ должен создать расписание пользователя","UserScheduleController (Unit)","Thu Nov 13 20:24:46 UTC 2025","passed","Thu Nov 13 20:24:46 UTC 2025","","create","",""
"","","should isolate users between different schemas","AuthController (HTTP integration)","Thu Nov 13 20:28:04 UTC 2025","skipped","","","Schema Isolation","",""
"","65","✅ должен сгенерировать расписание пользователя","UserScheduleController (Unit)","Thu Nov 13 20:24:46 UTC 2025","passed","Thu Nov 13 20:24:46 UTC 2025","","generate","",""
"","8","должен найти пользователя по email","UserRepo (integration)","Thu Nov 13 20:27:38 UTC 2025","passed","Thu Nov 13 20:27:38 UTC 2025","","findByEmail","",""
"","5","should find lesson by id or fail","CourseLessonRepo (integration)","Thu Nov 13 20:27:40 UTC 2025","passed","Thu Nov 13 20:27:40 UTC 2025","","","",""
"","18","PATCH /payments/:id → должен обновить платеж","PaymentsController (integration)","Thu Nov 13 20:27:36 UTC 2025","passed","Thu Nov 13 20:27:36 UTC 2025","","","",""
"","","should fail to update without authentication","CoursesController (HTTP integration)","Thu Nov 13 20:27:31 UTC 2025","skipped","","","PATCH /api/courses/:id","",""
"","13","должен создать расписание","UserScheduleService (Integration)","Thu Nov 13 20:27:31 UTC 2025","passed","Thu Nov 13 20:27:31 UTC 2025","","create()","",""
"","3","❌ должен выбросить ошибку для несуществующего id","PaymentsService","Thu Nov 13 20:24:48 UTC 2025","passed","Thu Nov 13 20:24:48 UTC 2025","","remove","",""
"","6","должен найти пользователя по id","UserRepo (integration)","Thu Nov 13 20:27:38 UTC 2025","passed","Thu Nov 13 20:27:38 UTC 2025","","findOrFailById","",""
"","20","❌ должен выбросить ошибку при сбое сервиса","UserAvailabilityController (Unit)","Thu Nov 13 20:24:47 UTC 2025","passed","Thu Nov 13 20:24:47 UTC 2025","","create","",""
"","14","✅ возвращает доступность по id","UserAvailabilityService (Integration)","Thu Nov 13 20:27:34 UTC 2025","passed","Thu Nov 13 20:27:34 UTC 2025","","findById","",""
"","11","should throw when deleting non-existing payment","PaymentRepo (integration)","Thu Nov 13 20:27:34 UTC 2025","passed","Thu Nov 13 20:27:34 UTC 2025","","","",""
"","","should create a course","CoursesController (HTTP integration)","Thu Nov 13 20:27:59 UTC 2025","skipped","","","POST /api/courses","",""
"","23","✅ должен создать платеж","PaymentsService","Thu Nov 13 20:24:48 UTC 2025","passed","Thu Nov 13 20:24:48 UTC 2025","","create","",""
"","2","should return an array of CourseLessonResponse","LessonsController","Thu Nov 13 20:24:47 UTC 2025","passed","Thu Nov 13 20:24:47 UTC 2025","","findAll","",""
"","14","должен создать расписание для пользователя","UserScheduleRepo","Thu Nov 13 20:27:27 UTC 2025","passed","Thu Nov 13 20:27:27 UTC 2025","","create()","",""
"","","check_user_exists","AuthController (HTTP integration)","Thu Nov 13 20:28:13 UTC 2025","skipped","","","GET /api/auth/check","",""
"","","check_user_exists","AuthController (HTTP integration)","Thu Nov 13 20:27:55 UTC 2025","skipped","","","GET /api/auth/check","",""
"","2","should throw an error if service.create fails (negative)","LessonsController","Thu Nov 13 20:24:47 UTC 2025","passed","Thu Nov 13 20:24:47 UTC 2025","","create","",""
"","12","❌ возвращает пустой список для несуществующего курса","UserAvailabilityService (Integration)","Thu Nov 13 20:27:34 UTC 2025","passed","Thu Nov 13 20:27:34 UTC 2025","","findByUserAndCourse","",""
"","","register_success","AuthController (HTTP integration)","Thu Nov 13 20:28:13 UTC 2025","skipped","","","POST /api/auth/register","",""
"","121","get_me_success","AuthController (Integration)","Thu Nov 13 20:28:05 UTC 2025","passed","Thu Nov 13 20:28:05 UTC 2025","","","",""
"","7","should return courses without user (positive)","CoursesService","Thu Nov 13 20:24:46 UTC 2025","passed","Thu Nov 13 20:24:46 UTC 2025","","findAll","",""
"","","should return 400 for invalid UUID","CoursesController (HTTP integration)","Thu Nov 13 20:27:41 UTC 2025","skipped","","","GET /api/courses/:id","",""
"","5","❌ should throw NotFoundException for invalid id","LessonsService","Thu Nov 13 20:24:47 UTC 2025","passed","Thu Nov 13 20:24:47 UTC 2025","","remove","",""
"","11","❌ выбрасывает ошибку, если доступность не существует","UserAvailabilityService (Integration)","Thu Nov 13 20:27:34 UTC 2025","passed","Thu Nov 13 20:27:34 UTC 2025","","update","",""
"","10","register_failure_validation","AuthController (Integration)","Thu Nov 13 20:28:05 UTC 2025","passed","Thu Nov 13 20:28:05 UTC 2025","","","",""
"","","should partially update course","CoursesController (HTTP integration)","Thu Nov 13 20:27:59 UTC 2025","skipped","","","PATCH /api/courses/:id","",""
"","2","should update a course and return CourseResponse","CoursesController","Thu Nov 13 20:24:46 UTC 2025","passed","Thu Nov 13 20:24:46 UTC 2025","","update","",""
"","4","✅ должен удалить расписание пользователя по курсу","UserScheduleController (Unit)","Thu Nov 13 20:24:46 UTC 2025","passed","Thu Nov 13 20:24:46 UTC 2025","","deleteUserSchedule","",""
"","2","❌ должен выбросить ошибку при обновлении несуществующего платежа","PaymentsController (unit)","Thu Nov 13 20:24:47 UTC 2025","passed","Thu Nov 13 20:24:47 UTC 2025","","update","",""
"","13","✅ должен удалить платеж","PaymentsService","Thu Nov 13 20:24:48 UTC 2025","passed","Thu Nov 13 20:24:48 UTC 2025","","remove","",""
"","10","❌ should throw NotFoundException for invalid id","LessonsService","Thu Nov 13 20:24:47 UTC 2025","passed","Thu Nov 13 20:24:47 UTC 2025","","findOne","",""
"","23","POST /lessons → should create a lesson","LessonsController (integration)","Thu Nov 13 20:27:36 UTC 2025","passed","Thu Nov 13 20:27:36 UTC 2025","","","",""
"","","should return 404 when updating non-existing course","CoursesController (HTTP integration)","Thu Nov 13 20:27:59 UTC 2025","skipped","","","PATCH /api/courses/:id","",""
"","1","❌ должен выбросить ошибку при обновлении несуществующего пользователя","UsersController (unit)","Thu Nov 13 20:24:46 UTC 2025","passed","Thu Nov 13 20:24:46 UTC 2025","","update","",""
"","12","должен вернуть расписание пользователя для курса","UserScheduleRepo","Thu Nov 13 20:27:27 UTC 2025","passed","Thu Nov 13 20:27:27 UTC 2025","","getByUserAndCourse()","",""
"","11","should throw RepositoryNotFoundError when availability not found","UserAvailabilityRepo (integration)","Thu Nov 13 20:27:32 UTC 2025","passed","Thu Nov 13 20:27:32 UTC 2025","","","",""
"","5","should throw an error if user does not exist","CourseEnrollmentRepo (integration)","Thu Nov 13 20:27:39 UTC 2025","passed","Thu Nov 13 20:27:39 UTC 2025","","","",""
"","3","❌ должен выбросить ошибку при ошибке репозитория","PaymentsService","Thu Nov 13 20:24:48 UTC 2025","passed","Thu Nov 13 20:24:48 UTC 2025","","create","",""
"","10","❌ возвращает null если доступность не существует","UserAvailabilityService (Integration)","Thu Nov 13 20:27:34 UTC 2025","passed","Thu Nov 13 20:27:34 UTC 2025","","findById","",""
"","5","должен вернуть всех пользователей","UserRepo (integration)","Thu Nov 13 20:27:38 UTC 2025","passed","Thu Nov 13 20:27:38 UTC 2025","","findAll","",""
"","5","должен найти пользователя по id","UserRepo (integration)","Thu Nov 13 20:27:38 UTC 2025","passed","Thu Nov 13 20:27:38 UTC 2025","","findById","",""
"","","should return courses without authentication","CoursesController (HTTP integration)","Thu Nov 13 20:27:50 UTC 2025","skipped","","","GET /api/courses","",""
"","3","✅ должен удалить доступность","UserAvailabilityService","Thu Nov 13 20:24:47 UTC 2025","passed","Thu Nov 13 20:24:47 UTC 2025","","delete","",""
"","18","✅ должен вернуть доступность по id","UserAvailabilityController (Unit)","Thu Nov 13 20:24:47 UTC 2025","passed","Thu Nov 13 20:24:47 UTC 2025","","findOne","",""
"","11","✅ должен вернуть доступность по id","UserAvailabilityService","Thu Nov 13 20:24:47 UTC 2025","passed","Thu Nov 13 20:24:47 UTC 2025","","findById","",""
"","12","GET /lessons → should return all lessons","LessonsController (integration)","Thu Nov 13 20:27:36 UTC 2025","passed","Thu Nov 13 20:27:36 UTC 2025","","","",""
"","10","❌ возвращает пустой список после удаления платежа","PaymentsService (Integration)","Thu Nov 13 20:27:40 UTC 2025","passed","Thu Nov 13 20:27:40 UTC 2025","","findAll","",""
"","5","❌ should throw if registerUser fails (negative)","CoursesController","Thu Nov 13 20:24:46 UTC 2025","passed","Thu Nov 13 20:24:46 UTC 2025","","register","",""
"","12","❌ возвращает пустой список после удаления курса","CoursesService (Integration)","Thu Nov 13 20:27:28 UTC 2025","passed","Thu Nov 13 20:27:28 UTC 2025","","","",""
"","51","should find all enrollments by user - invalid uuid","CourseEnrollmentRepo (integration)","Thu Nov 13 20:27:39 UTC 2025","passed","Thu Nov 13 20:27:39 UTC 2025","","","",""
"","","should fail to create course without authentication","CoursesController (HTTP integration)","Thu Nov 13 20:27:50 UTC 2025","skipped","","","POST /api/courses","",""
"","5","should find all lessons","CourseLessonRepo (integration)","Thu Nov 13 20:27:40 UTC 2025","passed","Thu Nov 13 20:27:40 UTC 2025","","","",""
"","42","GET /payments/:id → должен вернуть 404 для несуществующего платежа","PaymentsController (integration)","Thu Nov 13 20:27:35 UTC 2025","passed","Thu Nov 13 20:27:35 UTC 2025","","","",""
"","9","должен вернуть пользователя по id","UsersController (integration)","Thu Nov 13 20:27:37 UTC 2025","passed","Thu Nov 13 20:27:37 UTC 2025","","GET /users/:id","",""
"","4","❌ должен выбросить ошибку когда платеж не найден","PaymentsController (unit)","Thu Nov 13 20:24:47 UTC 2025","passed","Thu Nov 13 20:24:47 UTC 2025","","findOne","",""
"","","register_failure_conflict","AuthController (HTTP integration)","Thu Nov 13 20:28:13 UTC 2025","skipped","","","POST /api/auth/register","",""
"","11","should return empty array when no payments for course","PaymentRepo (integration)","Thu Nov 13 20:27:33 UTC 2025","passed","Thu Nov 13 20:27:33 UTC 2025","","","",""
"","10","должен выбросить ошибку при удалении несуществующего пользователя","UsersService (Integration)","Thu Nov 13 20:28:07 UTC 2025","passed","Thu Nov 13 20:28:07 UTC 2025","","remove","",""
"","12","GET /courses/:id → should return one course","CoursesController (integration)","Thu Nov 13 20:27:38 UTC 2025","passed","Thu Nov 13 20:27:38 UTC 2025","","","",""
"","","should return 404 when updating non-existing course","CoursesController (HTTP integration)","Thu Nov 13 20:27:41 UTC 2025","skipped","","","PATCH /api/courses/:id","",""
"","","login_success","AuthController (HTTP integration)","Thu Nov 13 20:28:04 UTC 2025","skipped","","","POST /api/auth/login","",""
"","5","должен выбросить ошибку при обновлении несуществующего пользователя","UserRepo (integration)","Thu Nov 13 20:27:38 UTC 2025","passed","Thu Nov 13 20:27:38 UTC 2025","","update","",""
"","101","should register a new user and return tokens","AuthService (Integration)","Thu Nov 13 20:28:09 UTC 2025","passed","Thu Nov 13 20:28:09 UTC 2025","","","",""
"","7","should attach enrollment_status if user provided (positive)","CoursesService","Thu Nov 13 20:24:46 UTC 2025","passed","Thu Nov 13 20:24:46 UTC 2025","","findAll","",""
"","6","should update lesson","CourseLessonRepo (integration)","Thu Nov 13 20:27:40 UTC 2025","passed","Thu Nov 13 20:27:40 UTC 2025","","","",""
"","6","❌ выбрасывает ошибку при удалении несуществующего урока","LessonsService (Integration)","Thu Nov 13 20:28:08 UTC 2025","passed","Thu Nov 13 20:28:08 UTC 2025","","","",""
"","4","should create payment and set status","CoursesService","Thu Nov 13 20:24:46 UTC 2025","passed","Thu Nov 13 20:24:46 UTC 2025","","purchaseCourse","",""
"","17","GET /courses/:id → should return 404 for non-existing course","CoursesController (integration)","Thu Nov 13 20:27:38 UTC 2025","passed","Thu Nov 13 20:27:38 UTC 2025","","","",""
"","1","should remove a lesson and return CourseLessonResponse","LessonsController","Thu Nov 13 20:24:47 UTC 2025","passed","Thu Nov 13 20:24:47 UTC 2025","","remove","",""
"","","should return 404 when deleting non-existing course","CoursesController (HTTP integration)","Thu Nov 13 20:27:50 UTC 2025","skipped","","","DELETE /api/courses/:id","",""
"","8","should throw ForbiddenException if no access","CoursesService","Thu Nov 13 20:24:46 UTC 2025","passed","Thu Nov 13 20:24:46 UTC 2025","","findAllLessons","",""
"","13","should find all user availabilities","UserAvailabilityRepo (integration)","Thu Nov 13 20:27:32 UTC 2025","passed","Thu Nov 13 20:27:32 UTC 2025","","","",""
"","84","should throw when creating a payment with invalid data","PaymentRepo (integration)","Thu Nov 13 20:27:33 UTC 2025","passed","Thu Nov 13 20:27:33 UTC 2025","","","",""
"","2","should find all enrollments by course","CourseEnrollmentRepo (integration)","Thu Nov 13 20:27:39 UTC 2025","passed","Thu Nov 13 20:27:39 UTC 2025","","","",""
"","9","❌ выбрасывает ошибку при обновлении несуществующего платежа","PaymentsService (Integration)","Thu Nov 13 20:27:40 UTC 2025","passed","Thu Nov 13 20:27:40 UTC 2025","","update","",""
"","6","✅ should update a lesson","LessonsService","Thu Nov 13 20:24:47 UTC 2025","passed","Thu Nov 13 20:24:47 UTC 2025","","update","",""
"","9","should find payment by id or fail","PaymentRepo (integration)","Thu Nov 13 20:27:33 UTC 2025","passed","Thu Nov 13 20:27:33 UTC 2025","","","",""
"","8","❌ выбрасывает ошибку, если платеж не существует","PaymentsService (Integration)","Thu Nov 13 20:27:40 UTC 2025","passed","Thu Nov 13 20:27:40 UTC 2025","","findOne","",""
"","","login_failure_unauthorized","AuthController (HTTP integration)","Thu Nov 13 20:27:46 UTC 2025","skipped","","","POST /api/auth/login","",""
"","15","✅ возвращает один курс изначально","CoursesService (Integration)","Thu Nov 13 20:27:28 UTC 2025","passed","Thu Nov 13 20:27:28 UTC 2025","","","",""
"","15","PATCH /payments/:id → должен вернуть 404 при обновлении несуществующего платежа","PaymentsController (integration)","Thu Nov 13 20:27:36 UTC 2025","passed","Thu Nov 13 20:27:36 UTC 2025","","","",""
"","13","DELETE /user-availability/:id → должен вернуть 404 для несуществующей доступности","UserAvailabilityController (integration)","Thu Nov 13 20:27:30 UTC 2025","passed","Thu Nov 13 20:27:30 UTC 2025","","","",""
"","3","should throw NotFoundException if course not found","CoursesService","Thu Nov 13 20:24:46 UTC 2025","passed","Thu Nov 13 20:24:46 UTC 2025","","remove","",""
"","","should fail to create course without authentication","CoursesController (HTTP integration)","Thu Nov 13 20:27:31 UTC 2025","skipped","","","POST /api/courses","",""
"","3","should return user if found","AuthService","Thu Nov 13 20:24:48 UTC 2025","passed","Thu Nov 13 20:24:48 UTC 2025","","getMe","",""
"","16","должен вернуть 404 для несуществующего курса","UserScheduleController (Integration)","Thu Nov 13 20:27:31 UTC 2025","passed","Thu Nov 13 20:27:31 UTC 2025","","POST /user-schedule/generate","",""
"","","should return empty array if no courses exist","CoursesController (HTTP integration)","Thu Nov 13 20:27:31 UTC 2025","skipped","","","GET /api/courses","",""
"","9","должен выбросить ошибку при удалении для несуществующего курса","UserScheduleService (Integration)","Thu Nov 13 20:27:32 UTC 2025","passed","Thu Nov 13 20:27:32 UTC 2025","","deleteByUserAndCourse()","",""
"","9","должен выбросить ошибку для несуществующего курса","UserScheduleService (Integration)","Thu Nov 13 20:27:31 UTC 2025","passed","Thu Nov 13 20:27:32 UTC 2025","","getByUserAndCourse()","",""
"","7","✅ возвращает один платеж изначально","PaymentsService (Integration)","Thu Nov 13 20:27:40 UTC 2025","passed","Thu Nov 13 20:27:40 UTC 2025","","findAll","",""
"","23","✅ должен сгенерировать расписание для пользователя","UserScheduleService (Unit)","Thu Nov 13 20:24:47 UTC 2025","passed","Thu Nov 13 20:24:47 UTC 2025","","generate","",""
"","14","PATCH /user-availability/:id → должен вернуть 404 при обновлении несуществующей доступности","UserAvailabilityController (integration)","Thu Nov 13 20:27:30 UTC 2025","passed","Thu Nov 13 20:27:30 UTC 2025","","","",""
"","","should return empty array if no courses exist","CoursesController (HTTP integration)","Thu Nov 13 20:27:50 UTC 2025","skipped","","","GET /api/courses","",""
"","7","должен вернуть 404 для несуществующего пользователя","UsersController (integration)","Thu Nov 13 20:27:37 UTC 2025","passed","Thu Nov 13 20:27:37 UTC 2025","","GET /users/:id","",""
"","41","✅ должен создать доступность","UserAvailabilityController (Unit)","Thu Nov 13 20:24:47 UTC 2025","passed","Thu Nov 13 20:24:47 UTC 2025","","create","",""
"","1","can not find enrollment by course and user","CourseEnrollmentRepo (integration)","Thu Nov 13 20:27:39 UTC 2025","passed","Thu Nov 13 20:27:39 UTC 2025","","","",""
"","5","❌ должен выбросить ошибку если платеж не найден","PaymentsService","Thu Nov 13 20:24:48 UTC 2025","passed","Thu Nov 13 20:24:48 UTC 2025","","update","",""
"","11","DELETE /lessons/:id → should return 404 for non-existing lesson","LessonsController (integration)","Thu Nov 13 20:27:36 UTC 2025","passed","Thu Nov 13 20:27:36 UTC 2025","","","",""
"","1","❌ должен вернуть пустой массив когда платежей нет","PaymentsController (unit)","Thu Nov 13 20:24:47 UTC 2025","passed","Thu Nov 13 20:24:47 UTC 2025","","findAll","",""
"","","should isolate data between different schemas","CoursesController (HTTP integration)","Thu Nov 13 20:27:59 UTC 2025","skipped","","","Schema Isolation","",""
"","13","✅ обычный пользователь без оплаты не имеет доступа","CoursesService (Integration)","Thu Nov 13 20:27:29 UTC 2025","passed","Thu Nov 13 20:27:29 UTC 2025","","","",""
"","10","DELETE /courses/:id → should return 404 for non-existing course","CoursesController (integration)","Thu Nov 13 20:27:38 UTC 2025","passed","Thu Nov 13 20:27:38 UTC 2025","","","",""
"","","should isolate users between different schemas","AuthController (HTTP integration)","Thu Nov 13 20:27:55 UTC 2025","skipped","","","Schema Isolation","",""
"","14","✅ должен создать платеж","PaymentsService (Integration)","Thu Nov 13 20:27:40 UTC 2025","passed","Thu Nov 13 20:27:40 UTC 2025","","create","",""
"","","get_me_success","AuthController (HTTP integration)","Thu Nov 13 20:27:46 UTC 2025","skipped","","","GET /api/auth/me","",""
"","81","❌ ошибка при создании платежа с пустой суммой","PaymentsService (Integration)","Thu Nov 13 20:27:40 UTC 2025","passed","Thu Nov 13 20:27:40 UTC 2025","","create","",""
"","13","PATCH /courses/:id → should update course","CoursesController (integration)","Thu Nov 13 20:27:38 UTC 2025","passed","Thu Nov 13 20:27:38 UTC 2025","","","",""
"","","should fail to delete without authentication","CoursesController (HTTP integration)","Thu Nov 13 20:27:59 UTC 2025","skipped","","","DELETE /api/courses/:id","",""
"","5","должен выбросить ошибку если пользователь не найден","UserRepo (integration)","Thu Nov 13 20:27:38 UTC 2025","passed","Thu Nov 13 20:27:38 UTC 2025","","findOrFailById","",""
"","8","❌ должен выбросить NotFoundException если доступность не найдена","UserAvailabilityController (Unit)","Thu Nov 13 20:24:47 UTC 2025","passed","Thu Nov 13 20:24:47 UTC 2025","","findOne","",""
"","11","✅ должен создать курс","CoursesService (Integration)","Thu Nov 13 20:27:28 UTC 2025","passed","Thu Nov 13 20:27:28 UTC 2025","","","",""
"","18","should create a user availability","UserAvailabilityRepo (integration)","Thu Nov 13 20:27:32 UTC 2025","passed","Thu Nov 13 20:27:32 UTC 2025","","","",""
"","","login_success","AuthController (HTTP integration)","Thu Nov 13 20:27:55 UTC 2025","skipped","","","POST /api/auth/login","",""
"","2","✅ должен удалить пользователя","UsersService (unit)","Thu Nov 13 20:24:48 UTC 2025","passed","Thu Nov 13 20:24:48 UTC 2025","","remove","",""
"","10","должен удалить расписание пользователя для курса","UserScheduleRepo","Thu Nov 13 20:27:27 UTC 2025","passed","Thu Nov 13 20:27:27 UTC 2025","","deleteByUserAndCourse()","",""
"","","should partially update course","CoursesController (HTTP integration)","Thu Nov 13 20:27:50 UTC 2025","skipped","","","PATCH /api/courses/:id","",""
"","","should fail to create course without authentication","CoursesController (HTTP integration)","Thu Nov 13 20:27:59 UTC 2025","skipped","","","POST /api/courses","",""
"","17","POST /payments → должен вернуть ошибку при создании платежа с отрицательной суммой","PaymentsController (integration)","Thu Nov 13 20:27:35 UTC 2025","passed","Thu Nov 13 20:27:35 UTC 2025","","","",""
"","3","✅ должен обновить платеж","PaymentsService","Thu Nov 13 20:24:48 UTC 2025","passed","Thu Nov 13 20:24:48 UTC 2025","","update","",""
"","2","✅ должен обновить пользователя и вернуть UserResponse","UsersController (unit)","Thu Nov 13 20:24:46 UTC 2025","passed","Thu Nov 13 20:24:46 UTC 2025","","update","",""
"","","should update course","CoursesController (HTTP integration)","Thu Nov 13 20:27:31 UTC 2025","skipped","","","PATCH /api/courses/:id","",""
"","9","should throw RepositoryNotFoundError when updating non-existent availability","UserAvailabilityRepo (integration)","Thu Nov 13 20:27:32 UTC 2025","passed","Thu Nov 13 20:27:32 UTC 2025","","","",""
"","19","DELETE /payments/:id → должен удалить платеж","PaymentsController (integration)","Thu Nov 13 20:27:36 UTC 2025","passed","Thu Nov 13 20:27:36 UTC 2025","","","",""
"","","should delete course","CoursesController (HTTP integration)","Thu Nov 13 20:27:41 UTC 2025","skipped","","","DELETE /api/courses/:id","",""
"","7","should throw an error if repository.create fails (negative)","CoursesService","Thu Nov 13 20:24:46 UTC 2025","passed","Thu Nov 13 20:24:46 UTC 2025","","create","",""
"","94","should return user from getMe","AuthService (Integration)","Thu Nov 13 20:28:09 UTC 2025","passed","Thu Nov 13 20:28:09 UTC 2025","","","",""
"","","should return one course","CoursesController (HTTP integration)","Thu Nov 13 20:27:50 UTC 2025","skipped","","","GET /api/courses/:id","",""
"","13","GET /lessons → should return empty array if no lessons exist","LessonsController (integration)","Thu Nov 13 20:27:36 UTC 2025","passed","Thu Nov 13 20:27:36 UTC 2025","","","",""
"","3","should create a lesson and return CourseLessonResponse","LessonsController","Thu Nov 13 20:24:47 UTC 2025","passed","Thu Nov 13 20:24:47 UTC 2025","","create","",""
"","","should fail to update without authentication","CoursesController (HTTP integration)","Thu Nov 13 20:27:59 UTC 2025","skipped","","","PATCH /api/courses/:id","",""
"","","register_success","AuthController (HTTP integration)","Thu Nov 13 20:27:46 UTC 2025","skipped","","","POST /api/auth/register","",""
"","8","должен вернуть 404 при обновлении несуществующего пользователя","UsersController (integration)","Thu Nov 13 20:27:37 UTC 2025","passed","Thu Nov 13 20:27:37 UTC 2025","","PATCH /users/:id","",""
"","","should isolate data between different schemas","CoursesController (HTTP integration)","Thu Nov 13 20:27:50 UTC 2025","skipped","","","Schema Isolation","",""
"","90","should check existing user","AuthService (Integration)","Thu Nov 13 20:28:09 UTC 2025","passed","Thu Nov 13 20:28:09 UTC 2025","","","",""
"","","login_failure_unauthorized","AuthController (HTTP integration)","Thu Nov 13 20:28:04 UTC 2025","skipped","","","POST /api/auth/login","",""
"","93","should throw when creating availability with invalid course_id","UserAvailabilityRepo (integration)","Thu Nov 13 20:27:32 UTC 2025","passed","Thu Nov 13 20:27:32 UTC 2025","","","",""
"","9","PATCH /courses/:id → should return 404 when updating non-existing course","CoursesController (integration)","Thu Nov 13 20:27:38 UTC 2025","passed","Thu Nov 13 20:27:38 UTC 2025","","","",""
"","2","❌ should throw if service.create fails (negative)","CoursesController","Thu Nov 13 20:24:46 UTC 2025","passed","Thu Nov 13 20:24:46 UTC 2025","","create","",""
"","","should create a course","CoursesController (HTTP integration)","Thu Nov 13 20:27:31 UTC 2025","skipped","","","POST /api/courses","",""
"","8","❌ выбрасывает ошибку при удалении несуществующего курса","CoursesService (Integration)","Thu Nov 13 20:27:29 UTC 2025","passed","Thu Nov 13 20:27:29 UTC 2025","","","",""
"","17","should update user availability","UserAvailabilityRepo (integration)","Thu Nov 13 20:27:32 UTC 2025","passed","Thu Nov 13 20:27:32 UTC 2025","","","",""
"","7","should register a user for a course","CourseEnrollmentRepo (integration)","Thu Nov 13 20:27:39 UTC 2025","passed","Thu Nov 13 20:27:39 UTC 2025","","","",""
"","10","should find all user availabilities by user and course","UserAvailabilityRepo (integration)","Thu Nov 13 20:27:32 UTC 2025","passed","Thu Nov 13 20:27:32 UTC 2025","","","",""
"","11","should return empty array when no availabilities found for user and course","UserAvailabilityRepo (integration)","Thu Nov 13 20:27:32 UTC 2025","passed","Thu Nov 13 20:27:32 UTC 2025","","","",""
"","2","❌ должен вернуть пустой массив когда пользователей нет","UsersController (unit)","Thu Nov 13 20:24:46 UTC 2025","passed","Thu Nov 13 20:24:46 UTC 2025","","findAll","",""
"","","should return all courses","CoursesController (HTTP integration)","Thu Nov 13 20:27:50 UTC 2025","skipped","","","GET /api/courses","",""
"","","register_failure_validation","AuthController (HTTP integration)","Thu Nov 13 20:27:46 UTC 2025","skipped","","","POST /api/auth/register","",""
"","2","register_success","AuthController","Thu Nov 13 20:24:48 UTC 2025","passed","Thu Nov 13 20:24:48 UTC 2025","","","",""
"","5","logout","AuthController (Integration)","Thu Nov 13 20:28:05 UTC 2025","passed","Thu Nov 13 20:28:05 UTC 2025","","","",""
"","11","должен успешно создать пользователя","UserRepo (integration)","Thu Nov 13 20:27:37 UTC 2025","passed","Thu Nov 13 20:27:37 UTC 2025","","create","",""
"","2","❌ должен выбросить ошибку при ошибке репозитория","UsersService (unit)","Thu Nov 13 20:24:48 UTC 2025","passed","Thu Nov 13 20:24:48 UTC 2025","","create","",""
"","2","✅ должен удалить пользователя и вернуть UserResponse","UsersController (unit)","Thu Nov 13 20:24:46 UTC 2025","passed","Thu Nov 13 20:24:46 UTC 2025","","remove","",""
"","25","✅ возвращает все платежи за курс","CoursesService (Integration)","Thu Nov 13 20:27:29 UTC 2025","passed","Thu Nov 13 20:27:29 UTC 2025","","","",""
"","2","❌ should throw if course not found (negative)","CoursesController","Thu Nov 13 20:24:46 UTC 2025","passed","Thu Nov 13 20:24:46 UTC 2025","","findOne","",""
"","17","DELETE /user-availability/:id → должен удалить доступность","UserAvailabilityController (integration)","Thu Nov 13 20:27:30 UTC 2025","passed","Thu Nov 13 20:27:30 UTC 2025","","","",""
"","21","❌ выбрасывает ошибку при повторной оплате курса","CoursesService (Integration)","Thu Nov 13 20:27:29 UTC 2025","passed","Thu Nov 13 20:27:29 UTC 2025","","","",""
"","2","✅ должен вернуть всех пользователей","UsersService (unit)","Thu Nov 13 20:24:48 UTC 2025","passed","Thu Nov 13 20:24:48 UTC 2025","","findAll","",""
"","3","❌ должен выбросить ошибку при сбое репозитория","UserAvailabilityService","Thu Nov 13 20:24:47 UTC 2025","passed","Thu Nov 13 20:24:47 UTC 2025","","delete","",""
"","","should return 404 when deleting non-existing course","CoursesController (HTTP integration)","Thu Nov 13 20:27:59 UTC 2025","skipped","","","DELETE /api/courses/:id","",""
"","4","❌ должен выбросить ошибку при создании пользователя с некорректными данными","UsersController (unit)","Thu Nov 13 20:24:46 UTC 2025","passed","Thu Nov 13 20:24:46 UTC 2025","","create","",""
"","","should update course","CoursesController (HTTP integration)","Thu Nov 13 20:27:41 UTC 2025","skipped","","","PATCH /api/courses/:id","",""
"","17","POST /lessons → should fail to create lesson with short title","LessonsController (integration)","Thu Nov 13 20:27:36 UTC 2025","passed","Thu Nov 13 20:27:36 UTC 2025","","","",""
"","1","should find enrollment by id - not found","CourseEnrollmentRepo (integration)","Thu Nov 13 20:27:39 UTC 2025","passed","Thu Nov 13 20:27:39 UTC 2025","","","",""
"","6","✅ должен обновить доступность","UserAvailabilityController (Unit)","Thu Nov 13 20:24:47 UTC 2025","passed","Thu Nov 13 20:24:47 UTC 2025","","update","",""
"","19","должен вернуть расписание пользователя для курса","UserScheduleService (Integration)","Thu Nov 13 20:27:31 UTC 2025","passed","Thu Nov 13 20:27:31 UTC 2025","","getByUserAndCourse()","",""
"","7","❌ should return empty array if no lessons (negative)","LessonsService","Thu Nov 13 20:24:47 UTC 2025","passed","Thu Nov 13 20:24:47 UTC 2025","","findAll","",""
"","14","GET /user-availability/:id → должен вернуть доступность по id","UserAvailabilityController (integration)","Thu Nov 13 20:27:30 UTC 2025","passed","Thu Nov 13 20:27:30 UTC 2025","","","",""
"","11","✅ обновляет курс","CoursesService (Integration)","Thu Nov 13 20:27:28 UTC 2025","passed","Thu Nov 13 20:27:28 UTC 2025","","","",""
"","2","✅ должен обновить платеж и вернуть PaymentResponse","PaymentsController (unit)","Thu Nov 13 20:24:47 UTC 2025","passed","Thu Nov 13 20:24:47 UTC 2025","","update","",""
"","9","❌ должен выбросить ошибку при сбое репозитория","UserAvailabilityService","Thu Nov 13 20:24:47 UTC 2025","passed","Thu Nov 13 20:24:47 UTC 2025","","findById","",""
"","4","должен выбросить ошибку для несуществующего курса","UserScheduleRepo","Thu Nov 13 20:27:27 UTC 2025","passed","Thu Nov 13 20:27:27 UTC 2025","","getByUserAndCourse()","",""
"","","get_me_failure_unauthorized","AuthController (HTTP integration)","Thu Nov 13 20:28:04 UTC 2025","skipped","","","GET /api/auth/me","",""
"","4","❌ должен вернуть null если создание не удалось","UserScheduleController (Unit)","Thu Nov 13 20:24:46 UTC 2025","passed","Thu Nov 13 20:24:46 UTC 2025","","create","",""
"","3","should find enrollment by id","CourseEnrollmentRepo (integration)","Thu Nov 13 20:27:39 UTC 2025","passed","Thu Nov 13 20:27:39 UTC 2025","","","",""
"","47","POST /user-availability → должен создать доступность","UserAvailabilityController (integration)","Thu Nov 13 20:27:30 UTC 2025","passed","Thu Nov 13 20:27:30 UTC 2025","","","",""
"","3","should login successfully with correct credentials","AuthService","Thu Nov 13 20:24:48 UTC 2025","passed","Thu Nov 13 20:24:48 UTC 2025","","login","",""
"","","get_me_failure_unauthorized","AuthController (HTTP integration)","Thu Nov 13 20:27:46 UTC 2025","skipped","","","GET /api/auth/me","",""
"","","should fail to update without authentication","CoursesController (HTTP integration)","Thu Nov 13 20:27:50 UTC 2025","skipped","","","PATCH /api/courses/:id","",""
"","11","GET /lessons/:id → should return one lesson","LessonsController (integration)","Thu Nov 13 20:27:36 UTC 2025","passed","Thu Nov 13 20:27:36 UTC 2025","","","",""
"","2","should update enrollment status - no enrollment found","CourseEnrollmentRepo (integration)","Thu Nov 13 20:27:39 UTC 2025","passed","Thu Nov 13 20:27:39 UTC 2025","","","",""
"","","check_user_not_exists","AuthController (HTTP integration)","Thu Nov 13 20:27:55 UTC 2025","skipped","","","GET /api/auth/check","",""
"","4","❌ должен выбросить ошибку при сбое репозитория","UserScheduleService (Unit)","Thu Nov 13 20:24:47 UTC 2025","passed","Thu Nov 13 20:24:47 UTC 2025","","getByUserAndCourse","",""
"","","check_user_not_exists","AuthController (HTTP integration)","Thu Nov 13 20:28:04 UTC 2025","skipped","","","GET /api/auth/check","",""
"","11","✅ возвращает все регистрации на курс","CoursesService (Integration)","Thu Nov 13 20:27:29 UTC 2025","passed","Thu Nov 13 20:27:29 UTC 2025","","","",""
"","15","должен успешно создать пользователя","UsersService (Integration)","Thu Nov 13 20:28:06 UTC 2025","passed","Thu Nov 13 20:28:06 UTC 2025","","create","",""
"","22","should delete user availability","UserAvailabilityRepo (integration)","Thu Nov 13 20:27:32 UTC 2025","passed","Thu Nov 13 20:27:32 UTC 2025","","","",""
"","3","should return logout message","AuthService","Thu Nov 13 20:24:48 UTC 2025","passed","Thu Nov 13 20:24:48 UTC 2025","","logout","",""
"","21","должен удалить расписание пользователя для курса","UserScheduleService (Integration)","Thu Nov 13 20:27:32 UTC 2025","passed","Thu Nov 13 20:27:32 UTC 2025","","deleteByUserAndCourse()","",""
"","8","❌ выбрасывает ошибку при удалении несуществующего платежа","PaymentsService (Integration)","Thu Nov 13 20:27:40 UTC 2025","passed","Thu Nov 13 20:27:40 UTC 2025","","remove","",""
"","3","should update course (positive)","CoursesService","Thu Nov 13 20:24:46 UTC 2025","passed","Thu Nov 13 20:24:46 UTC 2025","","update","",""
"","10","should create a lesson","CourseLessonRepo (integration)","Thu Nov 13 20:27:40 UTC 2025","passed","Thu Nov 13 20:27:40 UTC 2025","","","",""
"","","should return all courses","CoursesController (HTTP integration)","Thu Nov 13 20:27:41 UTC 2025","skipped","","","GET /api/courses","",""
"","20","✅ возвращает уроки для пользователя с доступом","CoursesService (Integration)","Thu Nov 13 20:27:29 UTC 2025","passed","Thu Nov 13 20:27:29 UTC 2025","","","",""
"","10","✅ регистрирует пользователя на курс","CoursesService (Integration)","Thu Nov 13 20:27:29 UTC 2025","passed","Thu Nov 13 20:27:29 UTC 2025","","","",""
"","","register_failure_conflict","AuthController (HTTP integration)","Thu Nov 13 20:27:55 UTC 2025","skipped","","","POST /api/auth/register","",""
"","14","должен выбросить ошибку при генерации для несуществующего курса","UserScheduleRepo","Thu Nov 13 20:27:27 UTC 2025","passed","Thu Nov 13 20:27:27 UTC 2025","","generate()","",""
"","2","❌ должен вернуть пустой массив если пользователей нет","UsersService (unit)","Thu Nov 13 20:24:48 UTC 2025","passed","Thu Nov 13 20:24:48 UTC 2025","","findAll","",""
"","","login_failure_unauthorized","AuthController (HTTP integration)","Thu Nov 13 20:28:13 UTC 2025","skipped","","","POST /api/auth/login","",""
"","6","✅ должен получить расписание пользователя по курсу","UserScheduleController (Unit)","Thu Nov 13 20:24:46 UTC 2025","passed","Thu Nov 13 20:24:46 UTC 2025","","getUserSchedule","",""
"","11","should find all payments by course","PaymentRepo (integration)","Thu Nov 13 20:27:33 UTC 2025","passed","Thu Nov 13 20:27:33 UTC 2025","","","",""
"","12","✅ должен вернуть расписание пользователя по курсу","UserScheduleService (Unit)","Thu Nov 13 20:24:47 UTC 2025","passed","Thu Nov 13 20:24:47 UTC 2025","","getByUserAndCourse","",""
"","9","GET /courses → should return all courses","CoursesController (integration)","Thu Nov 13 20:27:38 UTC 2025","passed","Thu Nov 13 20:27:38 UTC 2025","","","",""
"","7","✅ should return a lesson by id","LessonsService","Thu Nov 13 20:24:47 UTC 2025","passed","Thu Nov 13 20:24:47 UTC 2025","","findOne","",""
